Workbook

Sheet Sales_Data
A1: Order ID | B1: Date | C1: Region | D1: Category | E1: Product | F1: Quantity | G1: Unit Price | H1: Total Sales
A2: 1001 | B2: 46023 | C2: South | D2: Electronics | E2: Mouse | F2: 5 | G2: 500 | H2: =F2*G2 -> 2500
A3: 1002 | B3: 46054 | C3: North | D3: Furniture | E3: Chair | F3: 2 | G3: 2500 | H3: =F3*G3 -> 5000
A4: 1003 | B4: 46082 | C4: East | D4: Electronics | E4: Keyboard | F4: 3 | G4: 1200 | H4: =F4*G4 -> 3600
A5: 1004 | B5: 46113 | C5: West | D5: Clothing | E5: Shirt | F5: 10 | G5: 800 | H5: =F5*G5 -> 8000
A6: 1005 | B6: 46143 | C6: South | D6: Furniture | E6: Table | F6: 1 | G6: 6000 | H6: =F6*G6 -> 6000
A7: 1006 | B7: 46174 | C7: North | D7: Clothing | E7: Shoes | F7: 4 | G7: 2000 | H7: =F7*G7 -> 8000
A8: 1007 | B8: 46204 | C8: East | D8: Electronics | E8: Mouse | F8: 8 | G8: 500 | H8: =F8*G8 -> 4000
A9: 1008 | B9: 46235 | C9: West | D9: Furniture | E9: Chair | F9: 3 | G9: 2500 | H9: =F9*G9 -> 7500
A10: 1009 | B10: 46266 | C10: South | D10: Clothing | E10: Shirt | F10: 6 | G10: 800 | H10: =F10*G10 -> 4800
A11: 1010 | B11: 46296 | C11: North | D11: Electronics | E11: Keyboard | F11: 5 | G11: 1200 | H11: =F11*G11 -> 6000
A12: 1011 | B12: 46327 | C12: East | D12: Furniture | E12: Table | F12: 2 | G12: 6000 | H12: =F12*G12 -> 12000
A13: 1012 | B13: 46357 | C13: West | D13: Clothing | E13: Shoes | F13: 3 | G13: 2000 | H13: =F13*G13 -> 6000
A14: 1013 | B14: 13-01-2026 | C14: South | D14: Electronics | E14: Keyboard | F14: 4 | G14: 1200 | H14: =F14*G14 -> 4800
A15: 1014 | B15: 14-01-2026 | C15: North | D15: Furniture | E15: Chair | F15: 5 | G15: 2500 | H15: =F15*G15 -> 12500
A16: 1015 | B16: 15-01-2026 | C16: East | D16: Clothing | E16: Shirt | F16: 7 | G16: 800 | H16: =F16*G16 -> 5600
A17: 1016 | B17: 16-01-2026 | C17: West | D17: Electronics | E17: Mouse | F17: 6 | G17: 500 | H17: =F17*G17 -> 3000
A18: 1017 | B18: 17-01-2026 | C18: South | D18: Furniture | E18: Table | F18: 2 | G18: 6000 | H18: =F18*G18 -> 12000
A19: 1018 | B19: 18-01-2026 | C19: North | D19: Clothing | E19: Shoes | F19: 5 | G19: 2000 | H19: =F19*G19 -> 10000
A20: 1019 | B20: 19-01-2026 | C20: East | D20: Electronics | E20: Keyboard | F20: 2 | G20: 1200 | H20: =F20*G20 -> 2400
A21: 1020 | B21: 20-01-2026 | C21: West | D21: Furniture | E21: Chair | F21: 4 | G21: 2500 | H21: =F21*G21 -> 10000

Sheet Analysis
A1: Total Revenue | D1: Total Orders | G1: Total Quantity Sold | J1: Average Order Value | M1: Highest Sales | P1: Lowest Sales
A3: =SUM(Sales_Data!H2:H21) -> 133700 | D3: =COUNTA(Sales_Data!A2:A21) -> 20 | G3: =SUM(Sales_Data!F2:F21) -> 87 | J3: =AVERAGE(Sales_Data!H2:H21) -> 6685 | M3: =MAX(Sales_Data!H2:H21) -> 12500 | P3: =MIN(Sales_Data!H2:H21) -> 2400
B5: Which region generates the highest revenue? | G5: Which product category performs the best?
B7: Region | C7: Total Revenue | G7: Category | H7: Total Revenue
B8: South | C8: =SUMIF(Sales_Data!C:C,"South",Sales_Data!H:H) -> 30100 | G8: Electronics | H8: =SUMIF(Sales_Data!D:D,"Electronics",Sales_Data!H:H) -> 26300
B9: North | C9: =SUMIF(Sales_Data!C:C,"North",Sales_Data!H:H) -> 41500 | G9: Furniture | H9: =SUMIF(Sales_Data!D:D,"Furniture",Sales_Data!H:H) -> 65000
B10: West | C10: =SUMIF(Sales_Data!C:C,"West",Sales_Data!H:H) -> 34500 | G10: Clothing | H10: =SUMIF(Sales_Data!D:D,"Clothing",Sales_Data!H:H) -> 42400
B11: East | C11: =SUMIF(Sales_Data!C:C,"East",Sales_Data!H:H) -> 27600
